clientCode,sampleID,panelCode,createdAt
DK010,9M3ZG3KHK8,APV13,2025-11-07 10-44-56
DK010,EGF27Q36NA,APV13,2025-11-07 10-44-56
DK010,J5VUWYN6E7,APV13,2025-11-07 10-44-56
DK010,EBC2HFBY2E,APV13,2025-11-07 10-44-56
DK010,RJSYRVKJM5,APV13,2025-11-07 10-44-56
DK010,P4BNMA68BD,APV13,2025-11-07 10-44-56
DK010,WTDJT3GR35,APV13,2025-11-07 10-44-56
DK010,H34GA8A2LJ,APV13,2025-11-07 10-44-56
DK010,2VBQ29VMP5,APV13,2025-11-07 10-44-56
DK010,834A2NE6VE,APV13,2025-11-07 10-44-56
DK010,8HZQTGSCVT,APV13,2025-11-07 10-44-56
DK010,Z3RPR3NUZ2,APV13,2025-11-07 10-44-56
DK010,NUGSG8XQUX,APV13,2025-11-07 10-44-56
DK010,RSVRAQ7Z2U,APV13,2025-11-07 10-44-56
DK010,L9FD65XMEL,APV13,2025-11-07 10-44-56
DK010,V9XNGWJPDC,APV13,2025-11-07 10-44-56
DK010,3T7J524PJF,APV13,2025-11-07 10-44-56
DK010,TP7UT9VMV4,APV13,2025-11-07 10-44-56
DK010,PWY7JVELDH,APV13,2025-11-07 10-44-56
DK010,N2VX3E37JB,APV13,2025-11-07 10-44-56
DK010,3WQ43RBPD2,APV13,2025-11-07 10-44-56
DK010,FNTBGDWXQY,APV13,2025-11-07 10-44-56
DK010,X3B9EBRMGU,APV13,2025-11-07 10-44-56
DK010,6ZHUTAXZVQ,APV13,2025-11-07 10-44-56
DK010,JH84KR6AB9,APV13,2025-11-07 10-44-56
DK010,ZVCUF5WNJ9,APV13,2025-11-07 10-44-56