sampleID,evidenceSources
27DJCTGVMA,"[""drive:I:\\Shared drives\\Zack Health Shared\\06 Supply chain\\98 Customer logistics\\02 Barcodes\\251110 - Barcodes (Biomnis)\\Batch-3.csv"", ""repo:output/labels-2025-11-07_10-44-32.csv""]"
2BN5RQ9PQG,"[""repo:output/labels-2025-11-07_10-45-15.csv""]"
2BW6B5US9N,"[""repo:output/barcodes/barcodes.csv""]"
2CY5RCFTPD,"[""repo:output/barcodes/barcodes.csv""]"
2ENPXSJRNU,"[""drive:I:\\Shared drives\\Zack Health Shared\\06 Supply chain\\98 Customer logistics\\02 Barcodes\\251110 - Barcodes (Biomnis)\\Batch-1.csv"", ""repo:output/labels-2025-11-07_10-40-40.csv""]"
2FKZQT6Q5B,"[""drive:I:\\Shared drives\\Zack Health Shared\\06 Supply chain\\98 Customer logistics\\02 Barcodes\\251207 - Barcodes (Biomnis)\\labels-2025-11-07_10-45-35.csv"", ""repo:output/labels-2025-11-07_10-45-35.csv""]"
2FZLGDRC6D,"[""drive:I:\\Shared drives\\Zack Health Shared\\06 Supply chain\\98 Customer logistics\\02 Barcodes\\251110 - Barcodes (Biomnis)\\Batch-2.csv"", ""repo:output/labels-2025-11-07_10-44-26.csv""]"
2H3NZ8RACJ,"[""repo:output/barcodes/barcodes.csv"", ""repo:output/barcodes/batch-2025-11-07_09-14-17-161.csv""]"
2HCXCUNXLP,"[""drive:I:\\Shared drives\\Zack Health Shared\\06 Supply chain\\98 Customer logistics\\02 Barcodes\\251110 - Barcodes (Biomnis)\\Batch-4.csv"", ""repo:output/labels-2025-11-07_10-44-38.csv""]"
2KBY6S9DA2,"[""drive:I:\\Shared drives\\Zack Health Shared\\06 Supply chain\\98 Customer logistics\\02 Barcodes\\251110 - Barcodes (Biomnis)\\Batch-1.csv"", ""repo:output/labels-2025-11-07_10-40-40.csv""]"
2T9NMZE2GP,"[""repo:output/labels-2025-11-07_10-45-05.csv""]"
2VBQ29VMP5,"[""repo:output/labels-2025-11-07_10-44-56.csv""]"
2WSQZRM64T,"[""drive:I:\\Shared drives\\Zack Health Shared\\06 Supply chain\\98 Customer logistics\\02 Barcodes\\251110 - Barcodes (Biomnis)\\Batch-4.csv"", ""repo:output/labels-2025-11-07_10-44-38.csv""]"
37E8ZAHRXW,"[""repo:output/labels-2025-11-07_10-45-05.csv""]"
3AM9GQKFZB,"[""repo:output/barcodes/barcodes.csv""]"
3EYLXNUBMU,"[""repo:output/barcodes/barcodes.csv"", ""repo:output/barcodes/batch-2025-11-07_09-14-17-161.csv""]"
3G9K7NHLGK,"[""repo:output/labels-2025-11-07_10-44-47.csv""]"
3K7HKDY486,"[""repo:output/barcodes/barcodes.csv""]"
3LM2PLP4KE,"[""repo:output/barcodes/barcodes.csv""]"
3LMYWVQTR5,"[""drive:I:\\Shared drives\\Zack Health Shared\\06 Supply chain\\98 Customer logistics\\02 Barcodes\\251110 - Barcodes (Biomnis)\\Batch-4.csv"", ""repo:output/labels-2025-11-07_10-44-38.csv""]"
3R3JCA6S2C,"[""repo:output/labels-2025-11-07_10-45-15.csv""]"
3RKWCU8VEY,"[""drive:I:\\Shared drives\\Zack Health Shared\\06 Supply chain\\98 Customer logistics\\02 Barcodes\\251110 - Barcodes (Biomnis)\\Batch-3.csv"", ""repo:output/labels-2025-11-07_10-44-32.csv""]"
3S5LCDUW69,"[""drive:I:\\Shared drives\\Zack Health Shared\\06 Supply chain\\98 Customer logistics\\02 Barcodes\\251110 - Barcodes (Biomnis)\\Batch-2.csv"", ""repo:output/labels-2025-11-07_10-44-26.csv""]"
3T7J524PJF,"[""repo:output/labels-2025-11-07_10-44-56.csv""]"
3WC5ZW8QHG,"[""repo:output/barcodes/barcodes.csv"", ""repo:output/barcodes/batch-2025-11-07_09-14-17-161.csv""]"
3WQ43RBPD2,"[""repo:output/labels-2025-11-07_10-44-56.csv""]"
49RHEBEQX5,"[""repo:output/labels-2025-11-07_10-45-26.csv""]"
4BFM74M68S,"[""repo:output/barcodes/barcodes.csv""]"
4K5FWQSXMD,"[""repo:output/labels-2025-11-07_10-45-15.csv""]"
4RVEC7NS3V,"[""repo:output/barcodes/barcodes.csv""]"
4VEVL9UNP3,"[""repo:output/labels-2025-11-07_10-45-20.csv""]"
4VLHW3YK2Z,"[""drive:I:\\Shared drives\\Zack Health Shared\\06 Supply chain\\98 Customer logistics\\02 Barcodes\\251110 - Barcodes (Biomnis)\\Batch-1.csv"", ""repo:output/labels-2025-11-07_10-40-40.csv""]"
57YMRL8DFD,"[""repo:output/labels-2025-11-07_10-45-15.csv""]"
5DKAZTAKJA,"[""repo:output/labels-2025-11-07_10-45-15.csv""]"
5G5EL5XZJN,"[""drive:I:\\Shared drives\\Zack Health Shared\\06 Supply chain\\98 Customer logistics\\02 Barcodes\\251207 - Barcodes (Biomnis)\\labels-2025-11-07_10-45-35.csv"", ""repo:output/labels-2025-11-07_10-45-35.csv""]"
5KX7JA43Y4,"[""repo:output/barcodes/barcodes.csv""]"
5QZKY5FTPL,"[""repo:output/labels-2025-11-07_10-45-26.csv""]"
5S6YF6BJNZ,"[""drive:I:\\Shared drives\\Zack Health Shared\\06 Supply chain\\98 Customer logistics\\02 Barcodes\\251207 - Barcodes (Biomnis)\\labels-2025-11-07_10-45-41.csv"", ""repo:output/labels-2025-11-07_10-45-41.csv""]"
5ST6XWR9UK,"[""drive:I:\\Shared drives\\Zack Health Shared\\06 Supply chain\\98 Customer logistics\\02 Barcodes\\251110 - Barcodes (Biomnis)\\Batch-1.csv"", ""repo:output/labels-2025-11-07_10-40-40.csv""]"
5VXGMJB6J9,"[""drive:I:\\Shared drives\\Zack Health Shared\\06 Supply chain\\98 Customer logistics\\02 Barcodes\\251207 - Barcodes (Biomnis)\\labels-2025-11-07_10-45-41.csv"", ""repo:output/labels-2025-11-07_10-45-41.csv""]"
5ZYL35DLBT,"[""repo:output/labels-2025-11-07_10-45-15.csv""]"
65R87TDRTN,"[""repo:output/labels-2025-11-07_10-45-26.csv""]"
6BQ4UMEP8J,"[""repo:output/labels-2025-11-07_10-45-26.csv""]"
6TB6TMYS63,"[""repo:output/labels-2025-11-07_10-45-26.csv""]"
6VYNFBPZHN,"[""drive:I:\\Shared drives\\Zack Health Shared\\06 Supply chain\\98 Customer logistics\\02 Barcodes\\251110 - Barcodes (Biomnis)\\Batch-1.csv"", ""repo:output/labels-2025-11-07_10-40-40.csv""]"
6ZHUTAXZVQ,"[""repo:output/labels-2025-11-07_10-44-56.csv""]"
72B6U6MNKL,"[""drive:I:\\Shared drives\\Zack Health Shared\\06 Supply chain\\98 Customer logistics\\02 Barcodes\\251110 - Barcodes (Biomnis)\\Batch-1.csv"", ""repo:output/labels-2025-11-07_10-40-40.csv""]"
7E5SVC4GAW,"[""repo:output/labels-2025-11-07_10-45-05.csv""]"
7GC6M65Z9C,"[""repo:output/barcodes/barcodes.csv"", ""repo:output/barcodes/batch-2025-11-07_09-14-17-161.csv""]"
7HZCEY6XKS,"[""repo:output/labels-2025-11-07_10-44-47.csv""]"
7JAHYTDY68,"[""drive:I:\\Shared drives\\Zack Health Shared\\06 Supply chain\\98 Customer logistics\\02 Barcodes\\251110 - Barcodes (Biomnis)\\Batch-4.csv"", ""repo:output/labels-2025-11-07_10-44-38.csv""]"
7K2FHB2VXA,"[""drive:I:\\Shared drives\\Zack Health Shared\\06 Supply chain\\98 Customer logistics\\02 Barcodes\\251110 - Barcodes (Biomnis)\\Batch-2.csv"", ""repo:output/labels-2025-11-07_10-44-26.csv""]"
7PXSU7F3KM,"[""repo:output/barcodes/barcodes.csv""]"
7R2NMADAKT,"[""repo:output/labels-2025-11-07_10-45-15.csv""]"
7R4W5GFMV2,"[""drive:I:\\Shared drives\\Zack Health Shared\\06 Supply chain\\98 Customer logistics\\02 Barcodes\\251207 - Barcodes (Biomnis)\\labels-2025-11-07_10-45-35.csv"", ""repo:output/labels-2025-11-07_10-45-35.csv""]"
7RJQS6GTBF,"[""drive:I:\\Shared drives\\Zack Health Shared\\06 Supply chain\\98 Customer logistics\\02 Barcodes\\251207 - Barcodes (Biomnis)\\labels-2025-11-07_10-45-35.csv"", ""repo:output/labels-2025-11-07_10-45-35.csv""]"
7UKLXGTN6X,"[""drive:I:\\Shared drives\\Zack Health Shared\\06 Supply chain\\98 Customer logistics\\02 Barcodes\\251110 - Barcodes (Biomnis)\\Batch-1.csv"", ""repo:output/labels-2025-11-07_10-40-40.csv""]"
7V6LB78TSJ,"[""repo:output/labels-2025-11-07_10-45-26.csv""]"
7VJCVNYH63,"[""repo:output/barcodes/barcodes.csv""]"
7XSW5UZVQU,"[""repo:output/labels-2025-11-07_10-45-05.csv""]"
82RVFA2JWP,"[""drive:I:\\Shared drives\\Zack Health Shared\\06 Supply chain\\98 Customer logistics\\02 Barcodes\\251110 - Barcodes (Biomnis)\\Batch-2.csv"", ""repo:output/labels-2025-11-07_10-44-26.csv""]"
834A2NE6VE,"[""repo:output/labels-2025-11-07_10-44-56.csv""]"
8EVMFZ7DJY,"[""repo:output/barcodes/barcodes.csv""]"
8HZQTGSCVT,"[""repo:output/labels-2025-11-07_10-44-56.csv""]"
8J7UQ4MRAP,"[""repo:output/labels-2025-11-07_10-45-26.csv""]"
8K3LW5XVX5,"[""repo:output/labels-2025-11-07_10-45-20.csv""]"
8QT6SC5JSL,"[""repo:output/barcodes/barcodes.csv""]"
8R2YSWZ7SX,"[""repo:output/barcodes/barcodes.csv""]"
8THCGD373D,"[""drive:I:\\Shared drives\\Zack Health Shared\\06 Supply chain\\98 Customer logistics\\02 Barcodes\\251110 - Barcodes (Biomnis)\\Batch-2.csv"", ""repo:output/labels-2025-11-07_10-44-26.csv""]"
8TW3HDBFDM,"[""repo:output/barcodes/barcodes.csv""]"
8VPQXUQZVJ,"[""drive:I:\\Shared drives\\Zack Health Shared\\06 Supply chain\\98 Customer logistics\\02 Barcodes\\251110 - Barcodes (Biomnis)\\Batch-1.csv"", ""repo:output/labels-2025-11-07_10-40-40.csv""]"
8ZVY6YNZYU,"[""repo:output/labels-2025-11-07_10-45-20.csv""]"
96U6LW69QV,"[""repo:output/labels-2025-11-07_10-45-20.csv""]"
9AYJK7E9CU,"[""drive:I:\\Shared drives\\Zack Health Shared\\06 Supply chain\\98 Customer logistics\\02 Barcodes\\251207 - Barcodes (Biomnis)\\labels-2025-11-07_10-45-35.csv"", ""repo:output/labels-2025-11-07_10-45-35.csv""]"
9M3ZG3KHK8,"[""repo:output/labels-2025-11-07_10-44-56.csv""]"
9P23CSEVYD,"[""repo:output/barcodes/barcodes.csv"", ""repo:output/barcodes/batch-2025-11-07_09-14-17-161.csv""]"
9WYMSYMT2S,"[""drive:I:\\Shared drives\\Zack Health Shared\\06 Supply chain\\98 Customer logistics\\02 Barcodes\\251207 - Barcodes (Biomnis)\\labels-2025-11-07_10-45-35.csv"", ""repo:output/labels-2025-11-07_10-45-35.csv""]"
9Y9YZ6K34T,"[""drive:I:\\Shared drives\\Zack Health Shared\\06 Supply chain\\98 Customer logistics\\02 Barcodes\\251110 - Barcodes (Biomnis)\\Batch-2.csv"", ""repo:output/labels-2025-11-07_10-44-26.csv""]"
9YXZTS5RA7,"[""repo:output/barcodes/barcodes.csv""]"
A4CE97L7DT,"[""repo:output/barcodes/barcodes.csv"", ""repo:output/barcodes/batch-2025-11-07_09-14-17-161.csv""]"
A5JK472MHN,"[""repo:output/labels-2025-11-07_10-44-47.csv""]"
A5T8N3TVUA,"[""repo:output/barcodes/barcodes.csv""]"
AG4B9KTALR,"[""repo:output/labels-2025-11-07_10-45-05.csv""]"
AG7EJLPASF,"[""drive:I:\\Shared drives\\Zack Health Shared\\06 Supply chain\\98 Customer logistics\\02 Barcodes\\251110 - Barcodes (Biomnis)\\Batch-1.csv"", ""repo:output/labels-2025-11-07_10-40-40.csv""]"
ASNVL4XKUT,"[""drive:I:\\Shared drives\\Zack Health Shared\\06 Supply chain\\98 Customer logistics\\02 Barcodes\\251207 - Barcodes (Biomnis)\\labels-2025-11-07_10-45-41.csv"", ""repo:output/labels-2025-11-07_10-45-41.csv""]"
B4KNBW5KV5,"[""drive:I:\\Shared drives\\Zack Health Shared\\06 Supply chain\\98 Customer logistics\\02 Barcodes\\251110 - Barcodes (Biomnis)\\Batch-4.csv"", ""repo:output/labels-2025-11-07_10-44-38.csv""]"
B5CKPM7WDU,"[""drive:I:\\Shared drives\\Zack Health Shared\\06 Supply chain\\98 Customer logistics\\02 Barcodes\\251207 - Barcodes (Biomnis)\\labels-2025-11-07_10-45-35.csv"", ""repo:output/labels-2025-11-07_10-45-35.csv""]"
BAPRPLF4GC,"[""repo:output/labels-2025-11-07_10-45-20.csv""]"
BDLQXJMZS9,"[""drive:I:\\Shared drives\\Zack Health Shared\\06 Supply chain\\98 Customer logistics\\02 Barcodes\\251110 - Barcodes (Biomnis)\\Batch-2.csv"", ""repo:output/labels-2025-11-07_10-44-26.csv""]"
BGJZT3UXUH,"[""repo:output/barcodes/barcodes.csv""]"
BJQ78YPR6B,"[""repo:output/barcodes/barcodes.csv"", ""repo:output/barcodes/batch-2025-11-07_09-14-17-161.csv""]"
BQGADPDW7P,"[""repo:output/barcodes/barcodes.csv""]"
BRT49NDP43,"[""drive:I:\\Shared drives\\Zack Health Shared\\06 Supply chain\\98 Customer logistics\\02 Barcodes\\251207 - Barcodes (Biomnis)\\labels-2025-11-07_10-45-41.csv"", ""repo:output/labels-2025-11-07_10-45-41.csv""]"
BT3PT56FD6,"[""repo:output/barcodes/barcodes.csv""]"
BUE6GQ74Z8,"[""repo:output/labels-2025-11-07_10-45-05.csv""]"
BUK4DBS469,"[""repo:output/labels-2025-11-07_10-45-15.csv""]"
BXCBHZ8MKF,"[""drive:I:\\Shared drives\\Zack Health Shared\\06 Supply chain\\98 Customer logistics\\02 Barcodes\\251207 - Barcodes (Biomnis)\\labels-2025-11-07_10-45-41.csv"", ""repo:output/labels-2025-11-07_10-45-41.csv""]"
C2QR5SA4RW,"[""drive:I:\\Shared drives\\Zack Health Shared\\06 Supply chain\\98 Customer logistics\\02 Barcodes\\251207 - Barcodes (Biomnis)\\labels-2025-11-07_10-45-35.csv"", ""repo:output/labels-2025-11-07_10-45-35.csv""]"
C5WMQZJF7C,"[""repo:output/labels-2025-11-07_10-45-05.csv""]"
C682LFCPQT,"[""drive:I:\\Shared drives\\Zack Health Shared\\06 Supply chain\\98 Customer logistics\\02 Barcodes\\251110 - Barcodes (Biomnis)\\Batch-2.csv"", ""repo:output/labels-2025-11-07_10-44-26.csv""]"
CB9H3P2P6T,"[""repo:output/labels-2025-11-07_10-45-15.csv""]"
CBRZGMTSBE,"[""repo:output/labels-2025-11-07_10-45-26.csv""]"
CE3ZX4DNJU,"[""drive:I:\\Shared drives\\Zack Health Shared\\06 Supply chain\\98 Customer logistics\\02 Barcodes\\251110 - Barcodes (Biomnis)\\Batch-2.csv"", ""repo:output/labels-2025-11-07_10-44-26.csv""]"
CGABDHWB4F,"[""repo:output/labels-2025-11-07_10-45-26.csv""]"
CJ7LPYHZ8Y,"[""drive:I:\\Shared drives\\Zack Health Shared\\06 Supply chain\\98 Customer logistics\\02 Barcodes\\251110 - Barcodes (Biomnis)\\Batch-2.csv"", ""repo:output/labels-2025-11-07_10-44-26.csv""]"
CPFNQ9L4JC,"[""repo:output/labels-2025-11-07_10-45-20.csv""]"
CQSETHW9RE,"[""drive:I:\\Shared drives\\Zack Health Shared\\06 Supply chain\\98 Customer logistics\\02 Barcodes\\251110 - Barcodes (Biomnis)\\Batch-1.csv"", ""repo:output/labels-2025-11-07_10-40-40.csv""]"
CSK4AXAQ8J,"[""repo:output/barcodes/barcodes.csv"", ""repo:output/barcodes/batch-2025-11-07_09-14-17-161.csv""]"
CT7F6BU7MR,"[""repo:output/barcodes/barcodes.csv"", ""repo:output/barcodes/batch-2025-11-07_09-14-17-161.csv""]"
CTSH5PLNYC,"[""drive:I:\\Shared drives\\Zack Health Shared\\06 Supply chain\\98 Customer logistics\\02 Barcodes\\251110 - Barcodes (Biomnis)\\Batch-4.csv"", ""repo:output/labels-2025-11-07_10-44-38.csv""]"
CU5XTPJ5L4,"[""drive:I:\\Shared drives\\Zack Health Shared\\06 Supply chain\\98 Customer logistics\\02 Barcodes\\251207 - Barcodes (Biomnis)\\labels-2025-11-07_10-45-35.csv"", ""repo:output/labels-2025-11-07_10-45-35.csv""]"
D2P3SDBV42,"[""repo:output/barcodes/barcodes.csv"", ""repo:output/barcodes/batch-2025-11-07_09-14-17-161.csv""]"
D5VRAXHUFM,"[""drive:I:\\Shared drives\\Zack Health Shared\\06 Supply chain\\98 Customer logistics\\02 Barcodes\\251110 - Barcodes (Biomnis)\\Batch-4.csv"", ""repo:output/labels-2025-11-07_10-44-38.csv""]"
DA5FWPHC7L,"[""drive:I:\\Shared drives\\Zack Health Shared\\06 Supply chain\\98 Customer logistics\\02 Barcodes\\251110 - Barcodes (Biomnis)\\Batch-4.csv"", ""repo:output/labels-2025-11-07_10-44-38.csv""]"
DAMPDXNJMU,"[""repo:output/labels-2025-11-07_10-45-05.csv""]"
DEWMCLFCJR,"[""drive:I:\\Shared drives\\Zack Health Shared\\06 Supply chain\\98 Customer logistics\\02 Barcodes\\251110 - Barcodes (Biomnis)\\Batch-1.csv"", ""repo:output/labels-2025-11-07_10-40-40.csv""]"
DJMBSYT7NY,"[""repo:output/labels-2025-11-07_10-45-26.csv""]"
DKA75DSTMZ,"[""repo:output/labels-2025-11-07_10-44-47.csv""]"
DXRML75NCQ,"[""drive:I:\\Shared drives\\Zack Health Shared\\06 Supply chain\\98 Customer logistics\\02 Barcodes\\251110 - Barcodes (Biomnis)\\Batch-3.csv"", ""repo:output/labels-2025-11-07_10-44-32.csv""]"
DYDKSX4QRL,"[""repo:output/barcodes/barcodes.csv"", ""repo:output/barcodes/batch-2025-11-07_09-14-17-161.csv""]"
E2BHMY3XFL,"[""repo:output/labels-2025-11-07_10-44-47.csv""]"
EBC2HFBY2E,"[""repo:output/labels-2025-11-07_10-44-56.csv""]"
EGF27Q36NA,"[""repo:output/labels-2025-11-07_10-44-56.csv""]"
EGPX53ACGA,"[""repo:output/labels-2025-11-07_10-45-05.csv""]"
ELJTKBHLKW,"[""repo:output/labels-2025-11-07_10-45-26.csv""]"
EM547X5BJB,"[""drive:I:\\Shared drives\\Zack Health Shared\\06 Supply chain\\98 Customer logistics\\02 Barcodes\\251207 - Barcodes (Biomnis)\\labels-2025-11-07_10-45-41.csv"", ""repo:output/labels-2025-11-07_10-45-41.csv""]"
EN574758L6,"[""repo:output/labels-2025-11-07_10-45-15.csv""]"
ERDG47P6KN,"[""repo:output/labels-2025-11-07_10-45-20.csv""]"
ERZ3L36KHV,"[""repo:output/labels-2025-11-07_10-45-15.csv""]"
EZGMJS8ME6,"[""repo:output/labels-2025-11-07_10-45-26.csv""]"
F2VJYD6YMH,"[""drive:I:\\Shared drives\\Zack Health Shared\\06 Supply chain\\98 Customer logistics\\02 Barcodes\\251110 - Barcodes (Biomnis)\\Batch-1.csv"", ""repo:output/labels-2025-11-07_10-40-40.csv""]"
F7GZA9287G,"[""repo:output/labels-2025-11-07_10-45-05.csv""]"
FDR9FTSBSL,"[""drive:I:\\Shared drives\\Zack Health Shared\\06 Supply chain\\98 Customer logistics\\02 Barcodes\\251110 - Barcodes (Biomnis)\\Batch-4.csv"", ""repo:output/labels-2025-11-07_10-44-38.csv""]"
FEXY4UGT5Y,"[""repo:output/labels-2025-11-07_10-45-20.csv""]"
FH7E5HWYQY,"[""repo:output/barcodes/barcodes.csv"", ""repo:output/barcodes/batch-2025-11-07_09-14-17-161.csv""]"
FJ8P3B4C4E,"[""repo:output/labels-2025-11-07_10-44-47.csv""]"
FNTBGDWXQY,"[""repo:output/labels-2025-11-07_10-44-56.csv""]"
FPAVSU5WE7,"[""drive:I:\\Shared drives\\Zack Health Shared\\06 Supply chain\\98 Customer logistics\\02 Barcodes\\251207 - Barcodes (Biomnis)\\labels-2025-11-07_10-45-41.csv"", ""repo:output/labels-2025-11-07_10-45-41.csv""]"
FQT73GKHDJ,"[""drive:I:\\Shared drives\\Zack Health Shared\\06 Supply chain\\98 Customer logistics\\02 Barcodes\\251207 - Barcodes (Biomnis)\\labels-2025-11-07_10-45-41.csv"", ""repo:output/labels-2025-11-07_10-45-41.csv""]"
FRD268EH53,"[""repo:output/labels-2025-11-07_10-45-20.csv""]"
FSHGX6C7E9,"[""drive:I:\\Shared drives\\Zack Health Shared\\06 Supply chain\\98 Customer logistics\\02 Barcodes\\251110 - Barcodes (Biomnis)\\Batch-3.csv"", ""repo:output/labels-2025-11-07_10-44-32.csv""]"
FTKEAFZFSM,"[""repo:output/labels-2025-11-07_10-45-05.csv""]"
FVWH7MJHA9,"[""repo:output/barcodes/barcodes.csv""]"
G29J7WNRLA,"[""drive:I:\\Shared drives\\Zack Health Shared\\06 Supply chain\\98 Customer logistics\\02 Barcodes\\251110 - Barcodes (Biomnis)\\Batch-2.csv"", ""repo:output/labels-2025-11-07_10-44-26.csv""]"
G2GR4GD2ZX,"[""drive:I:\\Shared drives\\Zack Health Shared\\06 Supply chain\\98 Customer logistics\\02 Barcodes\\251110 - Barcodes (Biomnis)\\Batch-2.csv"", ""repo:output/labels-2025-11-07_10-44-26.csv""]"
G3A5B4KHKA,"[""repo:output/labels-2025-11-07_10-45-05.csv""]"
G5TZUVQ7A7,"[""repo:output/labels-2025-11-07_10-44-47.csv""]"
G863P8HRWQ,"[""drive:I:\\Shared drives\\Zack Health Shared\\06 Supply chain\\98 Customer logistics\\02 Barcodes\\251110 - Barcodes (Biomnis)\\Batch-3.csv"", ""repo:output/labels-2025-11-07_10-44-32.csv""]"
GBRVYTJMCK,"[""drive:I:\\Shared drives\\Zack Health Shared\\06 Supply chain\\98 Customer logistics\\02 Barcodes\\251207 - Barcodes (Biomnis)\\labels-2025-11-07_10-45-41.csv"", ""repo:output/labels-2025-11-07_10-45-41.csv""]"
GCMYPSET3C,"[""drive:I:\\Shared drives\\Zack Health Shared\\06 Supply chain\\98 Customer logistics\\02 Barcodes\\251110 - Barcodes (Biomnis)\\Batch-1.csv"", ""repo:output/labels-2025-11-07_10-40-40.csv""]"
GH7XS7H7WQ,"[""repo:output/barcodes/barcodes.csv""]"
GM2WHBJB9J,"[""repo:output/labels-2025-11-07_10-45-20.csv""]"
GNAL4AVWUJ,"[""repo:output/barcodes/barcodes.csv""]"
GS925KG9PW,"[""drive:I:\\Shared drives\\Zack Health Shared\\06 Supply chain\\98 Customer logistics\\02 Barcodes\\251207 - Barcodes (Biomnis)\\labels-2025-11-07_10-45-41.csv"", ""repo:output/labels-2025-11-07_10-45-41.csv""]"
GTGQP6XM5X,"[""drive:I:\\Shared drives\\Zack Health Shared\\06 Supply chain\\98 Customer logistics\\02 Barcodes\\251207 - Barcodes (Biomnis)\\labels-2025-11-07_10-45-35.csv"", ""repo:output/labels-2025-11-07_10-45-35.csv""]"
GULXY7JNHD,"[""drive:I:\\Shared drives\\Zack Health Shared\\06 Supply chain\\98 Customer logistics\\02 Barcodes\\251110 - Barcodes (Biomnis)\\Batch-3.csv"", ""repo:output/labels-2025-11-07_10-44-32.csv""]"
GWMAEAGKVP,"[""repo:output/barcodes/barcodes.csv""]"
GYXP3BJWY6,"[""drive:I:\\Shared drives\\Zack Health Shared\\06 Supply chain\\98 Customer logistics\\02 Barcodes\\251110 - Barcodes (Biomnis)\\Batch-4.csv"", ""repo:output/labels-2025-11-07_10-44-38.csv""]"
H34GA8A2LJ,"[""repo:output/labels-2025-11-07_10-44-56.csv""]"
H3BJMGF3X2,"[""repo:output/barcodes/barcodes.csv"", ""repo:output/barcodes/batch-2025-11-07_09-14-17-161.csv""]"
H564HDRPC2,"[""drive:I:\\Shared drives\\Zack Health Shared\\06 Supply chain\\98 Customer logistics\\02 Barcodes\\251207 - Barcodes (Biomnis)\\labels-2025-11-07_10-45-41.csv"", ""repo:output/labels-2025-11-07_10-45-41.csv""]"
H6NV85DGSC,"[""repo:output/labels-2025-11-07_10-44-47.csv""]"
H73CLRX7RZ,"[""drive:I:\\Shared drives\\Zack Health Shared\\06 Supply chain\\98 Customer logistics\\02 Barcodes\\251207 - Barcodes (Biomnis)\\labels-2025-11-07_10-45-35.csv"", ""repo:output/labels-2025-11-07_10-45-35.csv""]"
H9MX8A3RC6,"[""repo:output/labels-2025-11-07_10-45-26.csv""]"
HDK6YTDGUH,"[""repo:output/labels-2025-11-07_10-45-20.csv""]"
HGXPECXKSP,"[""drive:I:\\Shared drives\\Zack Health Shared\\06 Supply chain\\98 Customer logistics\\02 Barcodes\\251110 - Barcodes (Biomnis)\\Batch-3.csv"", ""repo:output/labels-2025-11-07_10-44-32.csv""]"
HL9N4X6AEV,"[""drive:I:\\Shared drives\\Zack Health Shared\\06 Supply chain\\98 Customer logistics\\02 Barcodes\\251207 - Barcodes (Biomnis)\\labels-2025-11-07_10-45-41.csv"", ""repo:output/labels-2025-11-07_10-45-41.csv""]"
HP6HXB8AFJ,"[""repo:output/labels-2025-11-07_10-44-47.csv""]"
HS65MUJLKT,"[""drive:I:\\Shared drives\\Zack Health Shared\\06 Supply chain\\98 Customer logistics\\02 Barcodes\\251110 - Barcodes (Biomnis)\\Batch-2.csv"", ""repo:output/labels-2025-11-07_10-44-26.csv""]"
HSRKVHF6GE,"[""drive:I:\\Shared drives\\Zack Health Shared\\06 Supply chain\\98 Customer logistics\\02 Barcodes\\251110 - Barcodes (Biomnis)\\Batch-1.csv"", ""repo:output/labels-2025-11-07_10-40-40.csv""]"
HZHN5U2BEU,"[""drive:I:\\Shared drives\\Zack Health Shared\\06 Supply chain\\98 Customer logistics\\02 Barcodes\\251110 - Barcodes (Biomnis)\\Batch-3.csv"", ""repo:output/labels-2025-11-07_10-44-32.csv""]"
HZUW7D928H,"[""repo:output/labels-2025-11-07_10-45-20.csv""]"
J5VUWYN6E7,"[""repo:output/labels-2025-11-07_10-44-56.csv""]"
J7DVCS5MCA,"[""drive:I:\\Shared drives\\Zack Health Shared\\06 Supply chain\\98 Customer logistics\\02 Barcodes\\251110 - Barcodes (Biomnis)\\Batch-4.csv"", ""repo:output/labels-2025-11-07_10-44-38.csv""]"
J8HVYPK8HJ,"[""drive:I:\\Shared drives\\Zack Health Shared\\06 Supply chain\\98 Customer logistics\\02 Barcodes\\251110 - Barcodes (Biomnis)\\Batch-2.csv"", ""repo:output/labels-2025-11-07_10-44-26.csv""]"
J8T9RVTZEV,"[""repo:output/labels-2025-11-07_10-45-15.csv""]"
JALMUVNXZV,"[""drive:I:\\Shared drives\\Zack Health Shared\\06 Supply chain\\98 Customer logistics\\02 Barcodes\\251110 - Barcodes (Biomnis)\\Batch-2.csv"", ""repo:output/labels-2025-11-07_10-44-26.csv""]"
JAQCQLHKSQ,"[""repo:output/labels-2025-11-07_10-45-26.csv""]"
JDJNB7FSQM,"[""repo:output/labels-2025-11-07_10-45-15.csv""]"
JDVZV7MB4X,"[""drive:I:\\Shared drives\\Zack Health Shared\\06 Supply chain\\98 Customer logistics\\02 Barcodes\\251207 - Barcodes (Biomnis)\\labels-2025-11-07_10-45-41.csv"", ""repo:output/labels-2025-11-07_10-45-41.csv""]"
JENFVWM7S2,"[""drive:I:\\Shared drives\\Zack Health Shared\\06 Supply chain\\98 Customer logistics\\02 Barcodes\\251207 - Barcodes (Biomnis)\\labels-2025-11-07_10-45-35.csv"", ""repo:output/labels-2025-11-07_10-45-35.csv""]"
JH84KR6AB9,"[""repo:output/labels-2025-11-07_10-44-56.csv""]"
JMEXDMTC9T,"[""drive:I:\\Shared drives\\Zack Health Shared\\06 Supply chain\\98 Customer logistics\\02 Barcodes\\251110 - Barcodes (Biomnis)\\Batch-3.csv"", ""repo:output/labels-2025-11-07_10-44-32.csv""]"
JR3TM9E6YZ,"[""repo:output/barcodes/barcodes.csv""]"
JWRZUNQTJP,"[""repo:output/barcodes/barcodes.csv""]"
K2BWFMUK7X,"[""drive:I:\\Shared drives\\Zack Health Shared\\06 Supply chain\\98 Customer logistics\\02 Barcodes\\251110 - Barcodes (Biomnis)\\Batch-1.csv"", ""repo:output/labels-2025-11-07_10-40-40.csv""]"
K3U3STB93Y,"[""drive:I:\\Shared drives\\Zack Health Shared\\06 Supply chain\\98 Customer logistics\\02 Barcodes\\251110 - Barcodes (Biomnis)\\Batch-1.csv"", ""repo:output/labels-2025-11-07_10-40-40.csv""]"
K6DKL75P8C,"[""drive:I:\\Shared drives\\Zack Health Shared\\06 Supply chain\\98 Customer logistics\\02 Barcodes\\251207 - Barcodes (Biomnis)\\labels-2025-11-07_10-45-35.csv"", ""repo:output/labels-2025-11-07_10-45-35.csv""]"
K6Z3XGQV5F,"[""repo:output/barcodes/barcodes.csv""]"
K8VGR6NHLR,"[""drive:I:\\Shared drives\\Zack Health Shared\\06 Supply chain\\98 Customer logistics\\02 Barcodes\\251110 - Barcodes (Biomnis)\\Batch-3.csv"", ""repo:output/labels-2025-11-07_10-44-32.csv""]"
K9N4CLGT92,"[""drive:I:\\Shared drives\\Zack Health Shared\\06 Supply chain\\98 Customer logistics\\02 Barcodes\\251207 - Barcodes (Biomnis)\\labels-2025-11-07_10-45-41.csv"", ""repo:output/labels-2025-11-07_10-45-41.csv""]"
KFTVSK2EN8,"[""drive:I:\\Shared drives\\Zack Health Shared\\06 Supply chain\\98 Customer logistics\\02 Barcodes\\251110 - Barcodes (Biomnis)\\Batch-2.csv"", ""repo:output/labels-2025-11-07_10-44-26.csv""]"
KMQ43QMCVS,"[""drive:I:\\Shared drives\\Zack Health Shared\\06 Supply chain\\98 Customer logistics\\02 Barcodes\\251110 - Barcodes (Biomnis)\\Batch-4.csv"", ""repo:output/labels-2025-11-07_10-44-38.csv""]"
KN23CRKFQN,"[""drive:I:\\Shared drives\\Zack Health Shared\\06 Supply chain\\98 Customer logistics\\02 Barcodes\\251207 - Barcodes (Biomnis)\\labels-2025-11-07_10-45-41.csv"", ""repo:output/labels-2025-11-07_10-45-41.csv""]"
KQ2P8Z52ZN,"[""repo:output/labels-2025-11-07_10-45-05.csv""]"
KTF57MTKLE,"[""drive:I:\\Shared drives\\Zack Health Shared\\06 Supply chain\\98 Customer logistics\\02 Barcodes\\251110 - Barcodes (Biomnis)\\Batch-3.csv"", ""repo:output/labels-2025-11-07_10-44-32.csv""]"
KUEBS7TQ9H,"[""repo:output/barcodes/barcodes.csv"", ""repo:output/barcodes/batch-2025-11-07_09-14-17-161.csv""]"
KUTJPBGU5B,"[""drive:I:\\Shared drives\\Zack Health Shared\\06 Supply chain\\98 Customer logistics\\02 Barcodes\\251110 - Barcodes (Biomnis)\\Batch-4.csv"", ""repo:output/labels-2025-11-07_10-44-38.csv""]"
KZ7B6PCKVH,"[""repo:output/barcodes/barcodes.csv""]"
KZ8792MTBS,"[""drive:I:\\Shared drives\\Zack Health Shared\\06 Supply chain\\98 Customer logistics\\02 Barcodes\\251110 - Barcodes (Biomnis)\\Batch-4.csv"", ""repo:output/labels-2025-11-07_10-44-38.csv""]"
L2BLCY7T8K,"[""repo:output/barcodes/barcodes.csv""]"
L2GVMF7XR4,"[""repo:output/labels-2025-11-07_10-45-20.csv""]"
L2X6CEKHJZ,"[""drive:I:\\Shared drives\\Zack Health Shared\\06 Supply chain\\98 Customer logistics\\02 Barcodes\\251207 - Barcodes (Biomnis)\\labels-2025-11-07_10-45-35.csv"", ""repo:output/labels-2025-11-07_10-45-35.csv""]"
L3MRQALH83,"[""drive:I:\\Shared drives\\Zack Health Shared\\06 Supply chain\\98 Customer logistics\\02 Barcodes\\251110 - Barcodes (Biomnis)\\Batch-1.csv"", ""repo:output/labels-2025-11-07_10-40-40.csv""]"
L5YZGZUX4L,"[""repo:output/labels-2025-11-07_10-45-15.csv""]"
L7DT9MK3LQ,"[""drive:I:\\Shared drives\\Zack Health Shared\\06 Supply chain\\98 Customer logistics\\02 Barcodes\\251110 - Barcodes (Biomnis)\\Batch-2.csv"", ""repo:output/labels-2025-11-07_10-44-26.csv""]"
L96LETF58J,"[""repo:output/barcodes/barcodes.csv""]"
L9FD65XMEL,"[""repo:output/labels-2025-11-07_10-44-56.csv""]"
L9VM8TYZ8M,"[""repo:output/labels-2025-11-07_10-45-15.csv""]"
LBA2GDK38J,"[""drive:I:\\Shared drives\\Zack Health Shared\\06 Supply chain\\98 Customer logistics\\02 Barcodes\\251110 - Barcodes (Biomnis)\\Batch-2.csv"", ""repo:output/labels-2025-11-07_10-44-26.csv""]"
LDCYXTN8B9,"[""drive:I:\\Shared drives\\Zack Health Shared\\06 Supply chain\\98 Customer logistics\\02 Barcodes\\251110 - Barcodes (Biomnis)\\Batch-4.csv"", ""repo:output/labels-2025-11-07_10-44-38.csv""]"
LDELS2PSLF,"[""repo:output/labels-2025-11-07_10-45-05.csv""]"
LF6RHXD5CB,"[""repo:output/barcodes/barcodes.csv""]"
LGUJLYBLNY,"[""repo:output/barcodes/barcodes.csv""]"
LJ34CB75WY,"[""repo:output/labels-2025-11-07_10-45-26.csv""]"
LJL85TJ959,"[""drive:I:\\Shared drives\\Zack Health Shared\\06 Supply chain\\98 Customer logistics\\02 Barcodes\\251207 - Barcodes (Biomnis)\\labels-2025-11-07_10-45-35.csv"", ""repo:output/labels-2025-11-07_10-45-35.csv""]"
LMUHKN6B2H,"[""repo:output/labels-2025-11-07_10-45-20.csv""]"
LQK6SRA8TQ,"[""drive:I:\\Shared drives\\Zack Health Shared\\06 Supply chain\\98 Customer logistics\\02 Barcodes\\251207 - Barcodes (Biomnis)\\labels-2025-11-07_10-45-35.csv"", ""repo:output/labels-2025-11-07_10-45-35.csv""]"
LUZXK8XU25,"[""repo:output/labels-2025-11-07_10-45-05.csv""]"
LWNJZA3MA4,"[""repo:output/labels-2025-11-07_10-45-15.csv""]"
LXSYPD5LGT,"[""repo:output/labels-2025-11-07_10-45-05.csv""]"
M4FTQN6NZ6,"[""drive:I:\\Shared drives\\Zack Health Shared\\06 Supply chain\\98 Customer logistics\\02 Barcodes\\251110 - Barcodes (Biomnis)\\Batch-4.csv"", ""repo:output/labels-2025-11-07_10-44-38.csv""]"
M4RMVEAQ6L,"[""repo:output/labels-2025-11-07_10-44-47.csv""]"
M76E4AGUYF,"[""repo:output/labels-2025-11-07_10-44-47.csv""]"
M962T3ZKTX,"[""drive:I:\\Shared drives\\Zack Health Shared\\06 Supply chain\\98 Customer logistics\\02 Barcodes\\251207 - Barcodes (Biomnis)\\labels-2025-11-07_10-45-35.csv"", ""repo:output/labels-2025-11-07_10-45-35.csv""]"
MJEA5QJFZP,"[""repo:output/labels-2025-11-07_10-45-15.csv""]"
MJLFN7R6FZ,"[""repo:output/barcodes/barcodes.csv""]"
MPQLSAPEKM,"[""repo:output/labels-2025-11-07_10-45-20.csv""]"
MR3DBLHC4H,"[""repo:output/barcodes/barcodes.csv""]"
MUA6RKWSZA,"[""drive:I:\\Shared drives\\Zack Health Shared\\06 Supply chain\\98 Customer logistics\\02 Barcodes\\251110 - Barcodes (Biomnis)\\Batch-2.csv"", ""repo:output/labels-2025-11-07_10-44-26.csv""]"
MUSHRVU29V,"[""drive:I:\\Shared drives\\Zack Health Shared\\06 Supply chain\\98 Customer logistics\\02 Barcodes\\251110 - Barcodes (Biomnis)\\Batch-1.csv"", ""repo:output/labels-2025-11-07_10-40-40.csv""]"
MUTR52CVCF,"[""repo:output/labels-2025-11-07_10-45-05.csv""]"
MVMS2EX9W7,"[""drive:I:\\Shared drives\\Zack Health Shared\\06 Supply chain\\98 Customer logistics\\02 Barcodes\\251207 - Barcodes (Biomnis)\\labels-2025-11-07_10-45-35.csv"", ""repo:output/labels-2025-11-07_10-45-35.csv""]"
N2VX3E37JB,"[""repo:output/labels-2025-11-07_10-44-56.csv""]"
N7HFTATAQV,"[""repo:output/barcodes/barcodes.csv"", ""repo:output/barcodes/batch-2025-11-07_09-14-17-161.csv""]"
NB78FK6AQF,"[""drive:I:\\Shared drives\\Zack Health Shared\\06 Supply chain\\98 Customer logistics\\02 Barcodes\\251207 - Barcodes (Biomnis)\\labels-2025-11-07_10-45-35.csv"", ""repo:output/labels-2025-11-07_10-45-35.csv""]"
NC6Q34GC8T,"[""drive:I:\\Shared drives\\Zack Health Shared\\06 Supply chain\\98 Customer logistics\\02 Barcodes\\251207 - Barcodes (Biomnis)\\labels-2025-11-07_10-45-41.csv"", ""repo:output/labels-2025-11-07_10-45-41.csv""]"
NDSMP2SQ2K,"[""repo:output/barcodes/barcodes.csv"", ""repo:output/barcodes/batch-2025-11-07_09-14-17-161.csv""]"
NJ9VCWDJ3R,"[""drive:I:\\Shared drives\\Zack Health Shared\\06 Supply chain\\98 Customer logistics\\02 Barcodes\\251207 - Barcodes (Biomnis)\\labels-2025-11-07_10-45-35.csv"", ""repo:output/labels-2025-11-07_10-45-35.csv""]"
NJANXEBXDK,"[""repo:output/labels-2025-11-07_10-45-15.csv""]"
NUGSG8XQUX,"[""repo:output/labels-2025-11-07_10-44-56.csv""]"
NUHBUQX2UC,"[""repo:output/labels-2025-11-07_10-45-05.csv""]"
NWAKL5KLUQ,"[""repo:output/labels-2025-11-07_10-45-05.csv""]"
P34UWQBE3D,"[""drive:I:\\Shared drives\\Zack Health Shared\\06 Supply chain\\98 Customer logistics\\02 Barcodes\\251110 - Barcodes (Biomnis)\\Batch-3.csv"", ""repo:output/labels-2025-11-07_10-44-32.csv""]"
P3DLFGHRW6,"[""drive:I:\\Shared drives\\Zack Health Shared\\06 Supply chain\\98 Customer logistics\\02 Barcodes\\251207 - Barcodes (Biomnis)\\labels-2025-11-07_10-45-41.csv"", ""repo:output/labels-2025-11-07_10-45-41.csv""]"
P4BNMA68BD,"[""repo:output/labels-2025-11-07_10-44-56.csv""]"
P5ULZKL9DF,"[""drive:I:\\Shared drives\\Zack Health Shared\\06 Supply chain\\98 Customer logistics\\02 Barcodes\\251207 - Barcodes (Biomnis)\\labels-2025-11-07_10-45-41.csv"", ""repo:output/labels-2025-11-07_10-45-41.csv""]"
PBHTKXVN9B,"[""drive:I:\\Shared drives\\Zack Health Shared\\06 Supply chain\\98 Customer logistics\\02 Barcodes\\251207 - Barcodes (Biomnis)\\labels-2025-11-07_10-45-35.csv"", ""repo:output/labels-2025-11-07_10-45-35.csv""]"
PDYB5XRYT5,"[""drive:I:\\Shared drives\\Zack Health Shared\\06 Supply chain\\98 Customer logistics\\02 Barcodes\\251110 - Barcodes (Biomnis)\\Batch-3.csv"", ""repo:output/labels-2025-11-07_10-44-32.csv""]"
PDYTBRYV4B,"[""repo:output/labels-2025-11-07_10-44-47.csv""]"
PEMRQRVLH5,"[""drive:I:\\Shared drives\\Zack Health Shared\\06 Supply chain\\98 Customer logistics\\02 Barcodes\\251110 - Barcodes (Biomnis)\\Batch-4.csv"", ""repo:output/labels-2025-11-07_10-44-38.csv""]"
PG2L3U4X25,"[""drive:I:\\Shared drives\\Zack Health Shared\\06 Supply chain\\98 Customer logistics\\02 Barcodes\\251207 - Barcodes (Biomnis)\\labels-2025-11-07_10-45-41.csv"", ""repo:output/labels-2025-11-07_10-45-41.csv""]"
PNCANTSJW8,"[""repo:output/labels-2025-11-07_10-45-26.csv""]"
PRF5TDKLRM,"[""drive:I:\\Shared drives\\Zack Health Shared\\06 Supply chain\\98 Customer logistics\\02 Barcodes\\251110 - Barcodes (Biomnis)\\Batch-3.csv"", ""repo:output/labels-2025-11-07_10-44-32.csv""]"
PSBETR3ZHD,"[""repo:output/labels-2025-11-07_10-45-05.csv""]"
PSFRVC2PEF,"[""drive:I:\\Shared drives\\Zack Health Shared\\06 Supply chain\\98 Customer logistics\\02 Barcodes\\251110 - Barcodes (Biomnis)\\Batch-3.csv"", ""repo:output/labels-2025-11-07_10-44-32.csv""]"
PWY7JVELDH,"[""repo:output/labels-2025-11-07_10-44-56.csv""]"
PZ6RH7S9B9,"[""drive:I:\\Shared drives\\Zack Health Shared\\06 Supply chain\\98 Customer logistics\\02 Barcodes\\251207 - Barcodes (Biomnis)\\labels-2025-11-07_10-45-35.csv"", ""repo:output/labels-2025-11-07_10-45-35.csv""]"
Q27TDYQANQ,"[""repo:output/labels-2025-11-07_10-45-20.csv""]"
Q4J3FEQHV9,"[""repo:output/barcodes/barcodes.csv""]"
Q578BWZ6TP,"[""drive:I:\\Shared drives\\Zack Health Shared\\06 Supply chain\\98 Customer logistics\\02 Barcodes\\251207 - Barcodes (Biomnis)\\labels-2025-11-07_10-45-41.csv"", ""repo:output/labels-2025-11-07_10-45-41.csv""]"
Q6WT6DX9JQ,"[""repo:output/labels-2025-11-07_10-45-20.csv""]"
Q83GXJFKPV,"[""repo:output/barcodes/barcodes.csv"", ""repo:output/barcodes/batch-2025-11-07_09-14-17-161.csv""]"
QA9WTQ6TV8,"[""repo:output/barcodes/barcodes.csv""]"
QCHK38BR89,"[""repo:output/barcodes/barcodes.csv""]"
QF5BPR35EH,"[""repo:output/barcodes/barcodes.csv""]"
QHDXJVW62U,"[""repo:output/labels-2025-11-07_10-45-15.csv""]"
QKMW3CR4WT,"[""drive:I:\\Shared drives\\Zack Health Shared\\06 Supply chain\\98 Customer logistics\\02 Barcodes\\251110 - Barcodes (Biomnis)\\Batch-2.csv"", ""repo:output/labels-2025-11-07_10-44-26.csv""]"
QLDEYMHUNU,"[""repo:output/labels-2025-11-07_10-45-26.csv""]"
QP62YSWX5W,"[""repo:output/labels-2025-11-07_10-45-26.csv""]"
QSKNB67PCK,"[""repo:output/barcodes/barcodes.csv""]"
QUJ5ZM74US,"[""drive:I:\\Shared drives\\Zack Health Shared\\06 Supply chain\\98 Customer logistics\\02 Barcodes\\251110 - Barcodes (Biomnis)\\Batch-4.csv"", ""repo:output/labels-2025-11-07_10-44-38.csv""]"
QZTA37ELVL,"[""repo:output/labels-2025-11-07_10-44-47.csv""]"
R5VZNFGNX6,"[""drive:I:\\Shared drives\\Zack Health Shared\\06 Supply chain\\98 Customer logistics\\02 Barcodes\\251110 - Barcodes (Biomnis)\\Batch-4.csv"", ""repo:output/labels-2025-11-07_10-44-38.csv""]"
R8UYRLEDXR,"[""drive:I:\\Shared drives\\Zack Health Shared\\06 Supply chain\\98 Customer logistics\\02 Barcodes\\251110 - Barcodes (Biomnis)\\Batch-3.csv"", ""repo:output/labels-2025-11-07_10-44-32.csv""]"
RAVAVH3NRN,"[""drive:I:\\Shared drives\\Zack Health Shared\\06 Supply chain\\98 Customer logistics\\02 Barcodes\\251110 - Barcodes (Biomnis)\\Batch-3.csv"", ""repo:output/labels-2025-11-07_10-44-32.csv""]"
RC4AT8QPH8,"[""drive:I:\\Shared drives\\Zack Health Shared\\06 Supply chain\\98 Customer logistics\\02 Barcodes\\251110 - Barcodes (Biomnis)\\Batch-1.csv"", ""repo:output/labels-2025-11-07_10-40-40.csv""]"
REREKYB4KZ,"[""repo:output/barcodes/barcodes.csv""]"
RHLPQHAMEB,"[""repo:output/labels-2025-11-07_10-44-47.csv""]"
RJSYRVKJM5,"[""repo:output/labels-2025-11-07_10-44-56.csv""]"
RN8DWJVWP3,"[""repo:output/barcodes/barcodes.csv""]"
RS53KYNHYR,"[""repo:output/labels-2025-11-07_10-45-15.csv""]"
RSVRAQ7Z2U,"[""repo:output/labels-2025-11-07_10-44-56.csv""]"
RUMRWEQ2HE,"[""repo:output/labels-2025-11-07_10-45-26.csv""]"
RUWEG7WR5A,"[""repo:output/labels-2025-11-07_10-45-05.csv""]"
S4VP94W59Y,"[""repo:output/labels-2025-11-07_10-45-26.csv""]"
S5SX483K63,"[""repo:output/barcodes/barcodes.csv""]"
S8ASQCZRFA,"[""repo:output/labels-2025-11-07_10-45-20.csv""]"
SAE6PHXCPF,"[""repo:output/barcodes/barcodes.csv""]"
SBVZSA7379,"[""repo:output/labels-2025-11-07_10-45-26.csv""]"
SDBDRG73ZR,"[""repo:output/labels-2025-11-07_10-44-47.csv""]"
SF5PTPL3GB,"[""drive:I:\\Shared drives\\Zack Health Shared\\06 Supply chain\\98 Customer logistics\\02 Barcodes\\251110 - Barcodes (Biomnis)\\Batch-3.csv"", ""repo:output/labels-2025-11-07_10-44-32.csv""]"
SGDTC6UZRH,"[""repo:output/barcodes/barcodes.csv""]"
SL8VZ5TVWQ,"[""repo:output/labels-2025-11-07_10-44-47.csv""]"
SPUVQPQDJL,"[""repo:output/barcodes/barcodes.csv""]"
STZGTPL32D,"[""repo:output/labels-2025-11-07_10-45-26.csv""]"
SVDBGZY6Z2,"[""drive:I:\\Shared drives\\Zack Health Shared\\06 Supply chain\\98 Customer logistics\\02 Barcodes\\251207 - Barcodes (Biomnis)\\labels-2025-11-07_10-45-35.csv"", ""repo:output/labels-2025-11-07_10-45-35.csv""]"
SVLY7W6BXE,"[""drive:I:\\Shared drives\\Zack Health Shared\\06 Supply chain\\98 Customer logistics\\02 Barcodes\\251110 - Barcodes (Biomnis)\\Batch-4.csv"", ""repo:output/labels-2025-11-07_10-44-38.csv""]"
SVQLF6MUB2,"[""drive:I:\\Shared drives\\Zack Health Shared\\06 Supply chain\\98 Customer logistics\\02 Barcodes\\251110 - Barcodes (Biomnis)\\Batch-2.csv"", ""repo:output/labels-2025-11-07_10-44-26.csv""]"
SX5YR9NEPQ,"[""repo:output/barcodes/barcodes.csv""]"
SXWXNZJ2C3,"[""drive:I:\\Shared drives\\Zack Health Shared\\06 Supply chain\\98 Customer logistics\\02 Barcodes\\251110 - Barcodes (Biomnis)\\Batch-1.csv"", ""repo:output/labels-2025-11-07_10-40-40.csv""]"
SZGHSUP569,"[""drive:I:\\Shared drives\\Zack Health Shared\\06 Supply chain\\98 Customer logistics\\02 Barcodes\\251110 - Barcodes (Biomnis)\\Batch-2.csv"", ""repo:output/labels-2025-11-07_10-44-26.csv""]"
T2BPYJ8NEU,"[""repo:output/barcodes/barcodes.csv""]"
T75PY5AVUX,"[""drive:I:\\Shared drives\\Zack Health Shared\\06 Supply chain\\98 Customer logistics\\02 Barcodes\\251110 - Barcodes (Biomnis)\\Batch-3.csv"", ""repo:output/labels-2025-11-07_10-44-32.csv""]"
T9GS3LNMQL,"[""repo:output/labels-2025-11-07_10-45-05.csv""]"
TDKS4C2MYL,"[""repo:output/labels-2025-11-07_10-45-15.csv""]"
TFP9N62DFT,"[""repo:output/labels-2025-11-07_10-45-26.csv""]"
TNA3GYR8WS,"[""repo:output/barcodes/barcodes.csv""]"
TP7UT9VMV4,"[""repo:output/labels-2025-11-07_10-44-56.csv""]"
TSY2RTBR74,"[""repo:output/labels-2025-11-07_10-45-05.csv""]"
U3KRXVGZT9,"[""repo:output/labels-2025-11-07_10-45-20.csv""]"
U3RGHL2BLQ,"[""repo:output/labels-2025-11-07_10-45-20.csv""]"
U3Y3WFVGRV,"[""drive:I:\\Shared drives\\Zack Health Shared\\06 Supply chain\\98 Customer logistics\\02 Barcodes\\251110 - Barcodes (Biomnis)\\Batch-1.csv"", ""repo:output/labels-2025-11-07_10-40-40.csv""]"
U592MCLYF4,"[""repo:output/labels-2025-11-07_10-44-47.csv""]"
U7WZFPM8K7,"[""drive:I:\\Shared drives\\Zack Health Shared\\06 Supply chain\\98 Customer logistics\\02 Barcodes\\251207 - Barcodes (Biomnis)\\labels-2025-11-07_10-45-41.csv"", ""repo:output/labels-2025-11-07_10-45-41.csv""]"
UDQUH8UQAR,"[""repo:output/barcodes/barcodes.csv"", ""repo:output/barcodes/batch-2025-11-07_09-14-17-161.csv""]"
UFUVJHQE42,"[""repo:output/labels-2025-11-07_10-45-20.csv""]"
UGPCNH3YEB,"[""drive:I:\\Shared drives\\Zack Health Shared\\06 Supply chain\\98 Customer logistics\\02 Barcodes\\251110 - Barcodes (Biomnis)\\Batch-4.csv"", ""repo:output/labels-2025-11-07_10-44-38.csv""]"
UHU6NW9LCR,"[""repo:output/labels-2025-11-07_10-44-47.csv""]"
UJTXM8UZXQ,"[""drive:I:\\Shared drives\\Zack Health Shared\\06 Supply chain\\98 Customer logistics\\02 Barcodes\\251207 - Barcodes (Biomnis)\\labels-2025-11-07_10-45-35.csv"", ""repo:output/labels-2025-11-07_10-45-35.csv""]"
UPDT3MNSF5,"[""repo:output/labels-2025-11-07_10-45-20.csv""]"
UQNBQRHRZY,"[""drive:I:\\Shared drives\\Zack Health Shared\\06 Supply chain\\98 Customer logistics\\02 Barcodes\\251207 - Barcodes (Biomnis)\\labels-2025-11-07_10-45-41.csv"", ""repo:output/labels-2025-11-07_10-45-41.csv""]"
UYJ962X94S,"[""repo:output/labels-2025-11-07_10-44-47.csv""]"
UYKZDLEYM5,"[""repo:output/labels-2025-11-07_10-45-26.csv""]"
UZ2T528ZFZ,"[""repo:output/labels-2025-11-07_10-45-15.csv""]"
UZS6PXQAX3,"[""repo:output/labels-2025-11-07_10-44-47.csv""]"
V3VP4VXWLG,"[""drive:I:\\Shared drives\\Zack Health Shared\\06 Supply chain\\98 Customer logistics\\02 Barcodes\\251110 - Barcodes (Biomnis)\\Batch-3.csv"", ""repo:output/labels-2025-11-07_10-44-32.csv""]"
V4SU6FJMEG,"[""repo:output/labels-2025-11-07_10-45-15.csv""]"
V9XNGWJPDC,"[""repo:output/labels-2025-11-07_10-44-56.csv""]"
VDGT5BS52H,"[""drive:I:\\Shared drives\\Zack Health Shared\\06 Supply chain\\98 Customer logistics\\02 Barcodes\\251110 - Barcodes (Biomnis)\\Batch-4.csv"", ""repo:output/labels-2025-11-07_10-44-38.csv""]"
VDL52U48JS,"[""repo:output/barcodes/barcodes.csv""]"
VG48CKR8V7,"[""repo:output/barcodes/barcodes.csv"", ""repo:output/barcodes/batch-2025-11-07_09-14-17-161.csv""]"
VJ8P49B53A,"[""repo:output/labels-2025-11-07_10-45-05.csv""]"
VQG4ADKDTW,"[""drive:I:\\Shared drives\\Zack Health Shared\\06 Supply chain\\98 Customer logistics\\02 Barcodes\\251207 - Barcodes (Biomnis)\\labels-2025-11-07_10-45-41.csv"", ""repo:output/labels-2025-11-07_10-45-41.csv""]"
VSRQUH7RCE,"[""drive:I:\\Shared drives\\Zack Health Shared\\06 Supply chain\\98 Customer logistics\\02 Barcodes\\251110 - Barcodes (Biomnis)\\Batch-1.csv"", ""repo:output/labels-2025-11-07_10-40-40.csv""]"
VUXVPKQ2JP,"[""drive:I:\\Shared drives\\Zack Health Shared\\06 Supply chain\\98 Customer logistics\\02 Barcodes\\251110 - Barcodes (Biomnis)\\Batch-2.csv"", ""repo:output/labels-2025-11-07_10-44-26.csv""]"
VYJGVHKASE,"[""drive:I:\\Shared drives\\Zack Health Shared\\06 Supply chain\\98 Customer logistics\\02 Barcodes\\251110 - Barcodes (Biomnis)\\Batch-4.csv"", ""repo:output/labels-2025-11-07_10-44-38.csv""]"
VYSLXHAY7D,"[""drive:I:\\Shared drives\\Zack Health Shared\\06 Supply chain\\98 Customer logistics\\02 Barcodes\\251207 - Barcodes (Biomnis)\\labels-2025-11-07_10-45-41.csv"", ""repo:output/labels-2025-11-07_10-45-41.csv""]"
W2S8MDCY4Z,"[""drive:I:\\Shared drives\\Zack Health Shared\\06 Supply chain\\98 Customer logistics\\02 Barcodes\\251110 - Barcodes (Biomnis)\\Batch-1.csv"", ""repo:output/labels-2025-11-07_10-40-40.csv""]"
W4D97F8N3U,"[""repo:output/labels-2025-11-07_10-45-20.csv""]"
W64Z6JWXQT,"[""repo:output/barcodes/barcodes.csv""]"
W7YT6ANHFG,"[""drive:I:\\Shared drives\\Zack Health Shared\\06 Supply chain\\98 Customer logistics\\02 Barcodes\\251110 - Barcodes (Biomnis)\\Batch-3.csv"", ""repo:output/labels-2025-11-07_10-44-32.csv""]"
W9LZ5FJ6JV,"[""repo:output/labels-2025-11-07_10-45-20.csv""]"
WGMYV2Z7WZ,"[""repo:output/labels-2025-11-07_10-45-05.csv""]"
WNQXT248EL,"[""repo:output/labels-2025-11-07_10-45-26.csv""]"
WRMG3EU478,"[""repo:output/barcodes/barcodes.csv"", ""repo:output/barcodes/batch-2025-11-07_09-14-17-161.csv""]"
WSE829TCLQ,"[""repo:output/barcodes/barcodes.csv"", ""repo:output/barcodes/batch-2025-11-07_09-14-17-161.csv""]"
WT7TLU75DL,"[""repo:output/labels-2025-11-07_10-44-47.csv""]"
WTDJT3GR35,"[""repo:output/labels-2025-11-07_10-44-56.csv""]"
WVU3GPVMPR,"[""drive:I:\\Shared drives\\Zack Health Shared\\06 Supply chain\\98 Customer logistics\\02 Barcodes\\251110 - Barcodes (Biomnis)\\Batch-3.csv"", ""repo:output/labels-2025-11-07_10-44-32.csv""]"
WXHYGX7TN8,"[""drive:I:\\Shared drives\\Zack Health Shared\\06 Supply chain\\98 Customer logistics\\02 Barcodes\\251110 - Barcodes (Biomnis)\\Batch-2.csv"", ""repo:output/labels-2025-11-07_10-44-26.csv""]"
X3B9EBRMGU,"[""repo:output/labels-2025-11-07_10-44-56.csv""]"
X5J2B9WQPL,"[""repo:output/labels-2025-11-07_10-44-47.csv""]"
X9CEAU9AF2,"[""repo:output/barcodes/barcodes.csv""]"
XAGW5D47N5,"[""repo:output/labels-2025-11-07_10-45-15.csv""]"
XB835HF8TZ,"[""drive:I:\\Shared drives\\Zack Health Shared\\06 Supply chain\\98 Customer logistics\\02 Barcodes\\251207 - Barcodes (Biomnis)\\labels-2025-11-07_10-45-35.csv"", ""repo:output/labels-2025-11-07_10-45-35.csv""]"
XEUJEGFC9K,"[""drive:I:\\Shared drives\\Zack Health Shared\\06 Supply chain\\98 Customer logistics\\02 Barcodes\\251110 - Barcodes (Biomnis)\\Batch-4.csv"", ""repo:output/labels-2025-11-07_10-44-38.csv""]"
XFZ5SQWPAN,"[""drive:I:\\Shared drives\\Zack Health Shared\\06 Supply chain\\98 Customer logistics\\02 Barcodes\\251110 - Barcodes (Biomnis)\\Batch-1.csv"", ""repo:output/labels-2025-11-07_10-40-40.csv""]"
XMVRKXAMCT,"[""drive:I:\\Shared drives\\Zack Health Shared\\06 Supply chain\\98 Customer logistics\\02 Barcodes\\251110 - Barcodes (Biomnis)\\Batch-3.csv"", ""repo:output/labels-2025-11-07_10-44-32.csv""]"
XNZCEU2Q9R,"[""drive:I:\\Shared drives\\Zack Health Shared\\06 Supply chain\\98 Customer logistics\\02 Barcodes\\251110 - Barcodes (Biomnis)\\Batch-4.csv"", ""repo:output/labels-2025-11-07_10-44-38.csv""]"
XQG46GSUHZ,"[""repo:output/barcodes/barcodes.csv"", ""repo:output/barcodes/batch-2025-11-07_09-14-17-161.csv""]"
XSFAHRBAYL,"[""drive:I:\\Shared drives\\Zack Health Shared\\06 Supply chain\\98 Customer logistics\\02 Barcodes\\251110 - Barcodes (Biomnis)\\Batch-3.csv"", ""repo:output/labels-2025-11-07_10-44-32.csv""]"
XW7RKR2EC5,"[""repo:output/labels-2025-11-07_10-44-47.csv""]"
Y4ELAPR85D,"[""repo:output/labels-2025-11-07_10-45-05.csv""]"
Y8G34K6SCX,"[""drive:I:\\Shared drives\\Zack Health Shared\\06 Supply chain\\98 Customer logistics\\02 Barcodes\\251110 - Barcodes (Biomnis)\\Batch-4.csv"", ""repo:output/labels-2025-11-07_10-44-38.csv""]"
YA2H3W86JZ,"[""repo:output/labels-2025-11-07_10-44-47.csv""]"
YA6EKRWQS9,"[""repo:output/labels-2025-11-07_10-44-47.csv""]"
YBG23JA32M,"[""repo:output/barcodes/barcodes.csv"", ""repo:output/barcodes/batch-2025-11-07_09-14-17-161.csv""]"
YF8UKDR64Q,"[""repo:output/labels-2025-11-07_10-45-20.csv""]"
YFUHMN9QDY,"[""repo:output/barcodes/barcodes.csv"", ""repo:output/barcodes/batch-2025-11-07_09-14-17-161.csv""]"
YMZ6JHYGQA,"[""drive:I:\\Shared drives\\Zack Health Shared\\06 Supply chain\\98 Customer logistics\\02 Barcodes\\251207 - Barcodes (Biomnis)\\labels-2025-11-07_10-45-35.csv"", ""repo:output/labels-2025-11-07_10-45-35.csv""]"
YNQE72HRJP,"[""drive:I:\\Shared drives\\Zack Health Shared\\06 Supply chain\\98 Customer logistics\\02 Barcodes\\251110 - Barcodes (Biomnis)\\Batch-1.csv"", ""repo:output/labels-2025-11-07_10-40-40.csv""]"
YRSYTHJSCF,"[""drive:I:\\Shared drives\\Zack Health Shared\\06 Supply chain\\98 Customer logistics\\02 Barcodes\\251110 - Barcodes (Biomnis)\\Batch-3.csv"", ""repo:output/labels-2025-11-07_10-44-32.csv""]"
YWMXTEG9H3,"[""repo:output/labels-2025-11-07_10-45-20.csv""]"
Z3RPR3NUZ2,"[""repo:output/labels-2025-11-07_10-44-56.csv""]"
Z74HG5SDX9,"[""drive:I:\\Shared drives\\Zack Health Shared\\06 Supply chain\\98 Customer logistics\\02 Barcodes\\251110 - Barcodes (Biomnis)\\Batch-2.csv"", ""repo:output/labels-2025-11-07_10-44-26.csv""]"
Z8KM5HAHJA,"[""repo:output/labels-2025-11-07_10-45-26.csv""]"
Z92ETANDMZ,"[""drive:I:\\Shared drives\\Zack Health Shared\\06 Supply chain\\98 Customer logistics\\02 Barcodes\\251207 - Barcodes (Biomnis)\\labels-2025-11-07_10-45-41.csv"", ""repo:output/labels-2025-11-07_10-45-41.csv""]"
ZFRVLGDV29,"[""drive:I:\\Shared drives\\Zack Health Shared\\06 Supply chain\\98 Customer logistics\\02 Barcodes\\251207 - Barcodes (Biomnis)\\labels-2025-11-07_10-45-41.csv"", ""repo:output/labels-2025-11-07_10-45-41.csv""]"
ZH5S74NFX7,"[""repo:output/barcodes/barcodes.csv"", ""repo:output/barcodes/batch-2025-11-07_09-14-17-161.csv""]"
ZHBGVNERWX,"[""repo:output/barcodes/barcodes.csv"", ""repo:output/barcodes/batch-2025-11-07_09-14-17-161.csv""]"
ZJRMQ4JNJU,"[""repo:output/barcodes/barcodes.csv""]"
ZJU93P59C2,"[""repo:output/barcodes/barcodes.csv""]"
ZL6H76DVGT,"[""repo:output/labels-2025-11-07_10-45-15.csv""]"
ZLAST5C478,"[""drive:I:\\Shared drives\\Zack Health Shared\\06 Supply chain\\98 Customer logistics\\02 Barcodes\\251110 - Barcodes (Biomnis)\\Batch-2.csv"", ""repo:output/labels-2025-11-07_10-44-26.csv""]"
ZQ8JM7SEXQ,"[""repo:output/labels-2025-11-07_10-45-15.csv""]"
ZRMR2JMPET,"[""drive:I:\\Shared drives\\Zack Health Shared\\06 Supply chain\\98 Customer logistics\\02 Barcodes\\251110 - Barcodes (Biomnis)\\Batch-3.csv"", ""repo:output/labels-2025-11-07_10-44-32.csv""]"
ZSQA5F97PG,"[""drive:I:\\Shared drives\\Zack Health Shared\\06 Supply chain\\98 Customer logistics\\02 Barcodes\\251110 - Barcodes (Biomnis)\\Batch-1.csv"", ""repo:output/labels-2025-11-07_10-40-40.csv""]"
ZT4CU3RCZ9,"[""repo:output/labels-2025-11-07_10-44-47.csv""]"
ZVCUF5WNJ9,"[""repo:output/labels-2025-11-07_10-44-56.csv""]"
0R7X6U8A1T,"[""drive:I:\\Shared drives\\Zack Health Shared\\06 Supply chain\\98 Customer logistics\\02 Barcodes\\250319 - Barcodes (Biomnis)\\250319_Barcodes_Biomnis.pdf""]"
0X5C6X8R8O,"[""drive:I:\\Shared drives\\Zack Health Shared\\06 Supply chain\\98 Customer logistics\\02 Barcodes\\250319 - Barcodes (Biomnis)\\250319_Barcodes_Biomnis.pdf""]"
3B7V2T8L8Y,"[""drive:I:\\Shared drives\\Zack Health Shared\\06 Supply chain\\98 Customer logistics\\02 Barcodes\\250512 - Barcodes (Biomnis)\\250512_Barcodes_Biomnis.pdf""]"
3K9X7J7E3Z,"[""drive:I:\\Shared drives\\Zack Health Shared\\06 Supply chain\\98 Customer logistics\\02 Barcodes\\250512 - Barcodes (Biomnis)\\250512_Barcodes_Biomnis.pdf""]"
3N6G7L6C7Y,"[""drive:I:\\Shared drives\\Zack Health Shared\\06 Supply chain\\98 Customer logistics\\02 Barcodes\\250512 - Barcodes (Biomnis)\\250512_Barcodes_Biomnis.pdf""]"
3V2K8H9Q5H,"[""drive:I:\\Shared drives\\Zack Health Shared\\06 Supply chain\\98 Customer logistics\\02 Barcodes\\250512 - Barcodes (Biomnis)\\250512_Barcodes_Biomnis.pdf""]"
3X1B7I3Y2P,"[""drive:I:\\Shared drives\\Zack Health Shared\\06 Supply chain\\98 Customer logistics\\02 Barcodes\\250319 - Barcodes (Biomnis)\\250319_Barcodes_Biomnis.pdf""]"
4A4E6S2F7F,"[""drive:I:\\Shared drives\\Zack Health Shared\\06 Supply chain\\98 Customer logistics\\02 Barcodes\\250512 - Barcodes (Biomnis)\\250512_Barcodes_Biomnis.pdf""]"
4G3M8M5J2K,"[""drive:I:\\Shared drives\\Zack Health Shared\\06 Supply chain\\98 Customer logistics\\02 Barcodes\\250512 - Barcodes (Biomnis)\\250512_Barcodes_Biomnis.pdf""]"
5Y6Q6S7J6Z,"[""drive:I:\\Shared drives\\Zack Health Shared\\06 Supply chain\\98 Customer logistics\\02 Barcodes\\250512 - Barcodes (Biomnis)\\250512_Barcodes_Biomnis.pdf""]"
5Y9M4R7M9A,"[""drive:I:\\Shared drives\\Zack Health Shared\\06 Supply chain\\98 Customer logistics\\02 Barcodes\\250512 - Barcodes (Biomnis)\\250512_Barcodes_Biomnis.pdf""]"
6J5R2A8U3X,"[""drive:I:\\Shared drives\\Zack Health Shared\\06 Supply chain\\98 Customer logistics\\02 Barcodes\\250512 - Barcodes (Biomnis)\\250512_Barcodes_Biomnis.pdf""]"
6N4Q8D4Y9X,"[""drive:I:\\Shared drives\\Zack Health Shared\\06 Supply chain\\98 Customer logistics\\02 Barcodes\\250512 - Barcodes (Biomnis)\\250512_Barcodes_Biomnis.pdf""]"
6R9C8M7X6Z,"[""drive:I:\\Shared drives\\Zack Health Shared\\06 Supply chain\\98 Customer logistics\\02 Barcodes\\250512 - Barcodes (Biomnis)\\250512_Barcodes_Biomnis.pdf""]"
7A3C6V9G9W,"[""drive:I:\\Shared drives\\Zack Health Shared\\06 Supply chain\\98 Customer logistics\\02 Barcodes\\250512 - Barcodes (Biomnis)\\250512_Barcodes_Biomnis.pdf""]"
7E3K7G1V8F,"[""drive:I:\\Shared drives\\Zack Health Shared\\06 Supply chain\\98 Customer logistics\\02 Barcodes\\250319 - Barcodes (Biomnis)\\250319_Barcodes_Biomnis.pdf""]"
7V2W7I0I2H,"[""drive:I:\\Shared drives\\Zack Health Shared\\06 Supply chain\\98 Customer logistics\\02 Barcodes\\250319 - Barcodes (Biomnis)\\250319_Barcodes_Biomnis.pdf""]"
9A7M5V8P5N,"[""drive:I:\\Shared drives\\Zack Health Shared\\06 Supply chain\\98 Customer logistics\\02 Barcodes\\250512 - Barcodes (Biomnis)\\250512_Barcodes_Biomnis.pdf""]"
9A8B9Y4X7U,"[""drive:I:\\Shared drives\\Zack Health Shared\\06 Supply chain\\98 Customer logistics\\02 Barcodes\\250512 - Barcodes (Biomnis)\\250512_Barcodes_Biomnis.pdf""]"
9Y8B8J7A5N,"[""drive:I:\\Shared drives\\Zack Health Shared\\06 Supply chain\\98 Customer logistics\\02 Barcodes\\250512 - Barcodes (Biomnis)\\250512_Barcodes_Biomnis.pdf""]"
